{
    "colunas": [
        "Nome",
        "Data",
        "Valor",
        "Categoria"
    ],
    "dados": [
        {
            "Nome": "Pedro",
            "Data": "2025-09-16",
            "Valor": 150,
            "Categoria": "Alimentação"
        },
        {
            "Nome": "Maria",
            "Data": "2025-09-15",
            "Valor": 200,
            "Categoria": "Transporte"
        },
        {
            "Nome": "João",
            "Data": "2025-09-14",
            "Valor": 300,
            "Categoria": "Lazer"
        }
    ]
}